Customer Id,Recency,Frequency,Monetary,R_Score,F_Score,M_Score,Customer Segment
ORD-10000,186,1,1350000,1,1,3,Hibernating
ORD-10001,4,1,750000,4,1,2,Potential
ORD-10002,5,1,1350000,4,1,3,Potential
ORD-10003,64,1,450000,3,1,1,Potential
ORD-10004,93,1,150000,3,1,1,Potential
ORD-10005,202,1,500000,1,1,2,Hibernating
ORD-10006,37,1,3600000,4,1,3,Potential
ORD-10007,78,1,150000,3,1,1,Potential
ORD-10008,89,1,250000,3,1,1,Potential
ORD-10009,100,1,300000,3,1,1,Potential
ORD-10010,216,1,750000,1,1,2,Hibernating
ORD-10011,151,1,450000,2,1,1,Hibernating
ORD-10012,189,1,2400000,1,1,3,Hibernating
ORD-10013,122,1,17000000,2,1,4,Hibernating
ORD-10014,120,1,17000000,2,1,4,Hibernating
ORD-10015,11,1,500000,4,1,2,Potential
ORD-10016,172,1,1350000,1,1,3,Hibernating
ORD-10017,32,1,3600000,4,1,3,Potential
ORD-10018,80,1,450000,3,1,1,Potential
ORD-10019,50,1,500000,4,1,2,Potential
ORD-10020,20,1,25500000,4,1,4,Potential
ORD-10021,100,1,450000,3,1,1,Potential
ORD-10022,202,1,750000,1,1,2,Hibernating
ORD-10023,176,1,450000,1,1,1,Hibernating
ORD-10024,115,1,1200000,2,1,3,Hibernating
ORD-10025,136,1,1350000,2,1,3,Hibernating
ORD-10026,107,1,8500000,2,1,4,Hibernating
ORD-10027,181,1,500000,1,1,2,Hibernating
ORD-10028,146,1,150000,2,1,1,Hibernating
ORD-10029,214,1,750000,1,1,2,Hibernating
ORD-10030,107,1,2400000,2,1,3,Hibernating
ORD-10031,96,1,1350000,3,1,3,Potential
ORD-10032,27,1,3600000,4,1,3,Potential
ORD-10033,142,1,1200000,2,1,3,Hibernating
ORD-10034,169,1,300000,1,1,1,Hibernating
ORD-10035,158,1,17000000,2,1,4,Hibernating
ORD-10036,88,1,17000000,3,1,4,Potential
ORD-10037,73,1,450000,3,1,1,Potential
ORD-10038,59,1,150000,3,1,1,Potential
ORD-10039,194,1,500000,1,1,2,Hibernating
ORD-10040,101,1,150000,3,1,1,Potential
ORD-10041,120,1,25500000,2,1,4,Hibernating
ORD-10042,196,1,8500000,1,1,4,Hibernating
ORD-10043,123,1,1200000,2,1,3,Hibernating
ORD-10044,136,1,250000,2,1,1,Hibernating
ORD-10045,211,1,8500000,1,1,4,Hibernating
ORD-10046,136,1,2400000,2,1,3,Hibernating
ORD-10047,104,1,500000,3,1,2,Potential
ORD-10048,113,1,500000,2,1,2,Hibernating
ORD-10049,165,1,150000,1,1,1,Hibernating
ORD-10050,160,1,17000000,2,1,4,Hibernating
ORD-10051,115,1,17000000,2,1,4,Hibernating
ORD-10052,189,1,500000,1,1,2,Hibernating
ORD-10053,54,1,450000,3,1,1,Potential
ORD-10054,220,1,2400000,1,1,3,Hibernating
ORD-10055,90,1,450000,3,1,1,Potential
ORD-10056,140,1,300000,2,1,1,Hibernating
ORD-10057,155,1,1200000,2,1,3,Hibernating
ORD-10058,57,1,750000,3,1,2,Potential
ORD-10059,93,1,450000,3,1,1,Potential
ORD-10060,179,1,300000,1,1,1,Hibernating
ORD-10061,77,1,450000,3,1,1,Potential
ORD-10062,113,1,750000,2,1,2,Hibernating
ORD-10063,4,1,25500000,4,1,4,Potential
ORD-10064,61,1,1350000,3,1,3,Potential
ORD-10065,159,1,1200000,2,1,3,Hibernating
ORD-10066,21,1,2400000,4,1,3,Potential
ORD-10067,215,1,17000000,1,1,4,Hibernating
ORD-10068,42,1,2400000,4,1,3,Potential
ORD-10069,139,1,750000,2,1,2,Hibernating
ORD-10070,180,1,1350000,1,1,3,Hibernating
ORD-10071,17,1,1350000,4,1,3,Potential
ORD-10072,82,1,2400000,3,1,3,Potential
ORD-10073,32,1,750000,4,1,2,Potential
ORD-10074,63,1,450000,3,1,1,Potential
ORD-10075,168,1,1350000,1,1,3,Hibernating
ORD-10076,179,1,17000000,1,1,4,Hibernating
ORD-10077,207,1,150000,1,1,1,Hibernating
ORD-10078,185,1,150000,1,1,1,Hibernating
ORD-10079,177,1,1200000,1,1,3,Hibernating
ORD-10080,18,1,300000,4,1,1,Potential
ORD-10081,55,1,250000,3,1,1,Potential
ORD-10082,19,1,8500000,4,1,4,Potential
ORD-10083,206,1,150000,1,1,1,Hibernating
ORD-10084,201,1,1200000,1,1,3,Hibernating
ORD-10085,2,1,450000,4,1,1,Potential
ORD-10086,135,1,3600000,2,1,3,Hibernating
ORD-10087,60,1,150000,3,1,1,Potential
ORD-10088,219,1,250000,1,1,1,Hibernating
ORD-10089,114,1,250000,2,1,1,Hibernating
ORD-10090,3,1,450000,4,1,1,Potential
ORD-10091,137,1,25500000,2,1,4,Hibernating
ORD-10092,109,1,1200000,2,1,3,Hibernating
ORD-10093,159,1,300000,2,1,1,Hibernating
ORD-10094,2,1,450000,4,1,1,Potential
ORD-10095,205,1,300000,1,1,1,Hibernating
ORD-10096,33,1,3600000,4,1,3,Potential
ORD-10097,35,1,2400000,4,1,3,Potential
ORD-10098,73,1,250000,3,1,1,Potential
ORD-10099,126,1,900000,2,1,2,Hibernating
ORD-10100,92,1,250000,3,1,1,Potential
ORD-10101,213,1,300000,1,1,1,Hibernating
ORD-10102,18,1,17000000,4,1,4,Potential
ORD-10103,92,1,25500000,3,1,4,Potential
ORD-10104,30,1,1200000,4,1,3,Potential
ORD-10105,119,1,450000,2,1,1,Hibernating
ORD-10106,70,1,2400000,3,1,3,Potential
ORD-10107,188,1,8500000,1,1,4,Hibernating
ORD-10108,108,1,450000,2,1,1,Hibernating
ORD-10109,106,1,25500000,3,1,4,Potential
ORD-10110,156,1,2400000,2,1,3,Hibernating
ORD-10111,11,1,250000,4,1,1,Potential
ORD-10112,109,1,1350000,2,1,3,Hibernating
ORD-10113,61,1,8500000,3,1,4,Potential
ORD-10114,179,1,750000,1,1,2,Hibernating
ORD-10115,200,1,1200000,1,1,3,Hibernating
ORD-10116,34,1,25500000,4,1,4,Potential
ORD-10117,185,1,450000,1,1,1,Hibernating
ORD-10118,34,1,500000,4,1,2,Potential
ORD-10119,213,1,900000,1,1,2,Hibernating
ORD-10120,7,1,1200000,4,1,3,Potential
ORD-10121,160,1,1200000,2,1,3,Hibernating
ORD-10122,185,1,3600000,1,1,3,Hibernating
ORD-10123,105,1,750000,3,1,2,Potential
ORD-10124,198,1,450000,1,1,1,Hibernating
ORD-10125,8,1,3600000,4,1,3,Potential
ORD-10126,47,1,450000,4,1,1,Potential
ORD-10127,148,1,300000,2,1,1,Hibernating
ORD-10128,151,1,900000,2,1,2,Hibernating
ORD-10129,86,1,3600000,3,1,3,Potential
ORD-10130,28,1,2400000,4,1,3,Potential
ORD-10131,177,1,900000,1,1,2,Hibernating
ORD-10132,1,1,2400000,4,1,3,Potential
ORD-10133,150,1,17000000,2,1,4,Hibernating
ORD-10134,83,1,2400000,3,1,3,Potential
ORD-10135,90,1,1200000,3,1,3,Potential
ORD-10136,112,1,1350000,2,1,3,Hibernating
ORD-10137,108,1,1200000,2,1,3,Hibernating
ORD-10138,155,1,500000,2,1,2,Hibernating
ORD-10139,94,1,17000000,3,1,4,Potential
ORD-10140,109,1,750000,2,1,2,Hibernating
ORD-10141,18,1,250000,4,1,1,Potential
ORD-10142,7,1,250000,4,1,1,Potential
ORD-10143,70,1,25500000,3,1,4,Potential
ORD-10144,165,1,450000,1,1,1,Hibernating
ORD-10145,139,1,450000,2,1,1,Hibernating
ORD-10146,152,1,17000000,2,1,4,Hibernating
ORD-10147,158,1,17000000,2,1,4,Hibernating
ORD-10148,136,1,900000,2,1,2,Hibernating
ORD-10149,84,1,1350000,3,1,3,Potential
ORD-10150,128,1,2400000,2,1,3,Hibernating
ORD-10151,167,1,750000,1,1,2,Hibernating
ORD-10152,54,1,450000,3,1,1,Potential
ORD-10153,110,1,25500000,2,1,4,Hibernating
ORD-10154,10,1,1200000,4,1,3,Potential
ORD-10155,168,1,1200000,1,1,3,Hibernating
ORD-10156,192,1,900000,1,1,2,Hibernating
ORD-10157,24,1,1200000,4,1,3,Potential
ORD-10158,38,1,750000,4,1,2,Potential
ORD-10159,65,1,25500000,3,1,4,Potential
ORD-10160,22,1,2400000,4,1,3,Potential
ORD-10161,194,1,450000,1,1,1,Hibernating
ORD-10162,138,1,25500000,2,1,4,Hibernating
ORD-10163,78,1,25500000,3,1,4,Potential
ORD-10164,65,1,3600000,3,1,3,Potential
ORD-10165,159,1,3600000,2,1,4,Hibernating
ORD-10166,84,1,1200000,3,1,3,Potential
ORD-10167,65,1,2400000,3,1,3,Potential
ORD-10168,3,1,8500000,4,1,4,Potential
ORD-10169,144,1,2400000,2,1,3,Hibernating
ORD-10170,27,1,25500000,4,1,4,Potential
ORD-10171,168,1,8500000,1,1,4,Hibernating
ORD-10172,72,1,8500000,3,1,4,Potential
ORD-10173,77,1,500000,3,1,2,Potential
ORD-10174,153,1,450000,2,1,1,Hibernating
ORD-10175,67,1,2400000,3,1,3,Potential
ORD-10176,96,1,500000,3,1,2,Potential
ORD-10177,90,1,500000,3,1,2,Potential
ORD-10178,192,1,2400000,1,1,3,Hibernating
ORD-10179,131,1,300000,2,1,1,Hibernating
ORD-10180,51,1,500000,4,1,2,Potential
ORD-10181,24,1,250000,4,1,1,Potential
ORD-10182,186,1,25500000,1,1,4,Hibernating
ORD-10183,77,1,1350000,3,1,3,Potential
ORD-10184,3,1,8500000,4,1,4,Potential
ORD-10185,6,1,900000,4,1,2,Potential
ORD-10186,150,1,1200000,2,1,3,Hibernating
ORD-10187,106,1,1200000,3,1,3,Potential
ORD-10188,149,1,250000,2,1,1,Hibernating
ORD-10189,16,1,1350000,4,1,3,Potential
ORD-10190,75,1,450000,3,1,1,Potential
ORD-10191,213,1,500000,1,1,2,Hibernating
ORD-10192,86,1,300000,3,1,1,Potential
ORD-10193,46,1,25500000,4,1,4,Potential
ORD-10194,34,1,450000,4,1,1,Potential
ORD-10195,189,1,450000,1,1,1,Hibernating
ORD-10196,39,1,25500000,4,1,4,Potential
ORD-10197,124,1,1200000,2,1,3,Hibernating
ORD-10198,99,1,750000,3,1,2,Potential
ORD-10199,213,1,1350000,1,1,3,Hibernating
ORD-10200,141,1,450000,2,1,1,Hibernating
ORD-10201,72,1,500000,3,1,2,Potential
ORD-10202,196,1,900000,1,1,2,Hibernating
ORD-10203,85,1,450000,3,1,1,Potential
ORD-10204,174,1,250000,1,1,1,Hibernating
ORD-10205,43,1,450000,4,1,1,Potential
ORD-10206,80,1,150000,3,1,1,Potential
ORD-10207,117,1,1350000,2,1,3,Hibernating
ORD-10208,147,1,2400000,2,1,3,Hibernating
ORD-10209,194,1,750000,1,1,2,Hibernating
ORD-10210,104,1,900000,3,1,2,Potential
ORD-10211,164,1,450000,1,1,1,Hibernating
ORD-10212,139,1,8500000,2,1,4,Hibernating
ORD-10213,215,1,450000,1,1,1,Hibernating
ORD-10214,87,1,1200000,3,1,3,Potential
ORD-10215,100,1,750000,3,1,2,Potential
ORD-10216,149,1,25500000,2,1,4,Hibernating
ORD-10217,145,1,450000,2,1,1,Hibernating
ORD-10218,201,1,450000,1,1,1,Hibernating
ORD-10219,97,1,1350000,3,1,3,Potential
ORD-10220,140,1,8500000,2,1,4,Hibernating
ORD-10221,122,1,750000,2,1,2,Hibernating
ORD-10222,100,1,3600000,3,1,4,Potential
ORD-10223,24,1,3600000,4,1,4,Potential
ORD-10224,146,1,900000,2,1,2,Hibernating
ORD-10225,52,1,500000,4,1,2,Potential
ORD-10226,81,1,1200000,3,1,3,Potential
ORD-10227,210,1,8500000,1,1,4,Hibernating
ORD-10228,195,1,150000,1,1,1,Hibernating
ORD-10229,179,1,8500000,1,1,4,Hibernating
ORD-10230,70,1,500000,3,1,2,Potential
ORD-10231,14,1,300000,4,1,1,Potential
ORD-10232,136,1,2400000,2,1,3,Hibernating
ORD-10233,66,1,17000000,3,1,4,Potential
ORD-10234,32,1,300000,4,1,1,Potential
ORD-10235,92,1,500000,3,1,2,Potential
ORD-10236,1,1,1350000,4,1,3,Potential
ORD-10237,51,1,1350000,4,1,3,Potential
ORD-10238,136,1,8500000,2,1,4,Hibernating
ORD-10239,89,1,900000,3,1,2,Potential
ORD-10240,151,1,3600000,2,1,4,Hibernating
ORD-10241,127,1,150000,2,1,1,Hibernating
ORD-10242,173,1,900000,1,1,2,Hibernating
ORD-10243,34,1,3600000,4,1,4,Potential
ORD-10244,88,1,450000,3,1,1,Potential
ORD-10245,151,1,150000,2,1,1,Hibernating
ORD-10246,55,1,450000,3,1,1,Potential
ORD-10247,25,1,900000,4,1,2,Potential
ORD-10248,26,1,8500000,4,1,4,Potential
ORD-10249,153,1,250000,2,1,1,Hibernating
ORD-10250,161,1,25500000,2,1,4,Hibernating
ORD-10251,46,1,750000,4,1,2,Potential
ORD-10252,58,1,450000,3,1,1,Potential
ORD-10253,211,1,450000,1,1,1,Hibernating
ORD-10254,89,1,500000,3,1,2,Potential
ORD-10255,115,1,17000000,2,1,4,Hibernating
ORD-10256,217,1,450000,1,1,1,Hibernating
ORD-10257,130,1,450000,2,1,1,Hibernating
ORD-10258,98,1,150000,3,1,1,Potential
ORD-10259,14,1,900000,4,1,2,Potential
ORD-10260,37,1,250000,4,1,1,Potential
ORD-10261,64,1,900000,3,1,2,Potential
ORD-10262,102,1,1200000,3,1,3,Potential
ORD-10263,87,1,1200000,3,1,3,Potential
ORD-10264,63,1,900000,3,1,2,Potential
ORD-10265,182,1,500000,1,1,2,Hibernating
ORD-10266,52,1,3600000,4,1,4,Potential
ORD-10267,215,1,300000,1,1,1,Hibernating
ORD-10268,34,1,500000,4,1,2,Potential
ORD-10269,167,1,150000,1,1,1,Hibernating
ORD-10270,17,1,25500000,4,1,4,Potential
ORD-10271,55,1,1200000,3,1,3,Potential
ORD-10272,158,1,150000,2,1,1,Hibernating
ORD-10273,2,1,8500000,4,1,4,Potential
ORD-10274,171,1,450000,1,1,1,Hibernating
ORD-10275,34,1,3600000,4,1,4,Potential
ORD-10276,24,1,450000,4,1,1,Potential
ORD-10277,92,1,750000,3,1,2,Potential
ORD-10278,107,1,900000,2,1,2,Hibernating
ORD-10279,32,1,150000,4,1,1,Potential
ORD-10280,182,1,750000,1,1,2,Hibernating
ORD-10281,31,1,450000,4,1,1,Potential
ORD-10282,78,1,900000,3,1,2,Potential
ORD-10283,178,1,750000,1,1,2,Hibernating
ORD-10284,151,1,2400000,2,1,3,Hibernating
ORD-10285,78,1,1200000,3,1,3,Potential
ORD-10286,198,1,8500000,1,1,4,Hibernating
ORD-10287,118,1,500000,2,1,2,Hibernating
ORD-10288,82,1,450000,3,1,1,Potential
ORD-10289,212,1,500000,1,1,2,Hibernating
ORD-10290,18,1,900000,4,1,2,Potential
ORD-10291,181,1,3600000,1,1,4,Hibernating
ORD-10292,32,1,150000,4,1,1,Potential
ORD-10293,94,1,25500000,3,1,4,Potential
ORD-10294,187,1,750000,1,1,2,Hibernating
ORD-10295,23,1,900000,4,1,2,Potential
ORD-10296,28,1,8500000,4,1,4,Potential
ORD-10297,91,1,1350000,3,1,3,Potential
ORD-10298,221,1,25500000,1,1,4,Hibernating
ORD-10299,170,1,1200000,1,1,3,Hibernating
ORD-10300,130,1,250000,2,1,1,Hibernating
ORD-10301,116,1,25500000,2,1,4,Hibernating
ORD-10302,177,1,8500000,1,1,4,Hibernating
ORD-10303,78,1,750000,3,1,2,Potential
ORD-10304,115,1,8500000,2,1,4,Hibernating
ORD-10305,177,1,250000,1,1,1,Hibernating
ORD-10306,124,1,500000,2,1,2,Hibernating
ORD-10307,79,1,500000,3,1,2,Potential
ORD-10308,209,1,1350000,1,1,3,Hibernating
ORD-10309,43,1,3600000,4,1,4,Potential
ORD-10310,196,1,450000,1,1,1,Hibernating
ORD-10311,89,1,900000,3,1,2,Potential
ORD-10312,192,1,2400000,1,1,3,Hibernating
ORD-10313,9,1,1350000,4,1,3,Potential
ORD-10314,174,1,150000,1,1,1,Hibernating
ORD-10315,213,1,2400000,1,1,3,Hibernating
ORD-10316,126,1,17000000,2,1,4,Hibernating
ORD-10317,181,1,17000000,1,1,4,Hibernating
ORD-10318,97,1,3600000,3,1,4,Potential
ORD-10319,172,1,450000,1,1,1,Hibernating
ORD-10320,83,1,2400000,3,1,3,Potential
ORD-10321,80,1,1200000,3,1,3,Potential
ORD-10322,216,1,25500000,1,1,4,Hibernating
ORD-10323,135,1,500000,2,1,2,Hibernating
ORD-10324,146,1,2400000,2,1,3,Hibernating
ORD-10325,198,1,1350000,1,1,3,Hibernating
ORD-10326,142,1,8500000,2,1,4,Hibernating
ORD-10327,108,1,1350000,2,1,3,Hibernating
ORD-10328,60,1,150000,3,1,1,Potential
ORD-10329,25,1,25500000,4,1,4,Potential
ORD-10330,54,1,900000,3,1,2,Potential
ORD-10331,101,1,2400000,3,1,3,Potential
ORD-10332,151,1,150000,2,1,1,Hibernating
ORD-10333,96,1,1200000,3,1,3,Potential
ORD-10334,215,1,1350000,1,1,3,Hibernating
ORD-10335,116,1,17000000,2,1,4,Hibernating
ORD-10336,163,1,1200000,1,1,3,Hibernating
ORD-10337,52,1,1200000,4,1,3,Potential
ORD-10338,189,1,300000,1,1,1,Hibernating
ORD-10339,89,1,2400000,3,1,3,Potential
ORD-10340,41,1,300000,4,1,1,Potential
ORD-10341,104,1,500000,3,1,2,Potential
ORD-10342,199,1,8500000,1,1,4,Hibernating
ORD-10343,145,1,450000,2,1,1,Hibernating
ORD-10344,12,1,500000,4,1,2,Potential
ORD-10345,119,1,3600000,2,1,4,Hibernating
ORD-10346,200,1,1200000,1,1,3,Hibernating
ORD-10347,98,1,300000,3,1,1,Potential
ORD-10348,49,1,1350000,4,1,3,Potential
ORD-10349,22,1,2400000,4,1,3,Potential
ORD-10350,50,1,25500000,4,1,4,Potential
ORD-10351,123,1,750000,2,1,2,Hibernating
ORD-10352,61,1,450000,3,1,1,Potential
ORD-10353,34,1,1200000,4,1,3,Potential
ORD-10354,109,1,300000,2,1,1,Hibernating
ORD-10355,181,1,1200000,1,1,3,Hibernating
ORD-10356,173,1,500000,1,1,2,Hibernating
ORD-10357,4,1,25500000,4,1,4,Potential
ORD-10358,16,1,750000,4,1,2,Potential
ORD-10359,106,1,1350000,3,1,3,Potential
ORD-10360,139,1,450000,2,1,1,Hibernating
ORD-10361,186,1,2400000,1,1,3,Hibernating
ORD-10362,49,1,450000,4,1,1,Potential
ORD-10363,66,1,8500000,3,1,4,Potential
ORD-10364,64,1,150000,3,1,1,Potential
ORD-10365,197,1,25500000,1,1,4,Hibernating
ORD-10366,86,1,250000,3,1,1,Potential
ORD-10367,174,1,25500000,1,1,4,Hibernating
ORD-10368,150,1,900000,2,1,2,Hibernating
ORD-10369,22,1,3600000,4,1,4,Potential
ORD-10370,16,1,250000,4,1,1,Potential
ORD-10371,61,1,1200000,3,1,3,Potential
ORD-10372,6,1,450000,4,1,1,Potential
ORD-10373,118,1,3600000,2,1,4,Hibernating
ORD-10374,111,1,8500000,2,1,4,Hibernating
ORD-10375,91,1,2400000,3,2,3,Loyal
ORD-10376,94,1,25500000,3,2,4,Loyal
ORD-10377,221,1,1350000,1,2,3,Hibernating
ORD-10378,4,1,1350000,4,2,3,Loyal
ORD-10379,19,1,2400000,4,2,3,Loyal
ORD-10380,185,1,2400000,1,2,3,Hibernating
ORD-10381,180,1,8500000,1,2,4,Hibernating
ORD-10382,49,1,17000000,4,2,4,Loyal
ORD-10383,40,1,750000,4,2,2,Loyal
ORD-10384,35,1,250000,4,2,1,Loyal
ORD-10385,195,1,25500000,1,2,4,Hibernating
ORD-10386,4,1,450000,4,2,1,Loyal
ORD-10387,151,1,17000000,2,2,4,Hibernating
ORD-10388,151,1,150000,2,2,1,Hibernating
ORD-10389,23,1,450000,4,2,1,Loyal
ORD-10390,216,1,300000,1,2,1,Hibernating
ORD-10391,187,1,450000,1,2,1,Hibernating
ORD-10392,68,1,1350000,3,2,3,Loyal
ORD-10393,6,1,25500000,4,2,4,Loyal
ORD-10394,164,1,450000,1,2,1,Hibernating
ORD-10395,191,1,450000,1,2,1,Hibernating
ORD-10396,217,1,1200000,1,2,3,Hibernating
ORD-10397,103,1,450000,3,2,1,Loyal
ORD-10398,173,1,2400000,1,2,3,Hibernating
ORD-10399,141,1,300000,2,2,1,Hibernating
ORD-10400,179,1,25500000,1,2,4,Hibernating
ORD-10401,152,1,500000,2,2,2,Hibernating
ORD-10402,176,1,250000,1,2,1,Hibernating
ORD-10403,24,1,1200000,4,2,3,Loyal
ORD-10404,200,1,450000,1,2,1,Hibernating
ORD-10405,103,1,450000,3,2,1,Loyal
ORD-10406,4,1,150000,4,2,1,Loyal
ORD-10407,3,1,300000,4,2,1,Loyal
ORD-10408,198,1,3600000,1,2,4,Hibernating
ORD-10409,68,1,900000,3,2,2,Loyal
ORD-10410,30,1,250000,4,2,1,Loyal
ORD-10411,13,1,450000,4,2,1,Loyal
ORD-10412,82,1,250000,3,2,1,Loyal
ORD-10413,52,1,25500000,4,2,4,Loyal
ORD-10414,21,1,1200000,4,2,3,Loyal
ORD-10415,160,1,3600000,2,2,4,Hibernating
ORD-10416,197,1,900000,1,2,2,Hibernating
ORD-10417,126,1,2400000,2,2,3,Hibernating
ORD-10418,90,1,3600000,3,2,4,Loyal
ORD-10419,44,1,300000,4,2,1,Loyal
ORD-10420,151,1,1200000,2,2,3,Hibernating
ORD-10421,75,1,1200000,3,2,3,Loyal
ORD-10422,9,1,8500000,4,2,4,Loyal
ORD-10423,107,1,900000,2,2,2,Hibernating
ORD-10424,82,1,450000,3,2,1,Loyal
ORD-10425,53,1,150000,4,2,1,Loyal
ORD-10426,170,1,900000,1,2,2,Hibernating
ORD-10427,5,1,2400000,4,2,3,Loyal
ORD-10428,91,1,8500000,3,2,4,Loyal
ORD-10429,9,1,450000,4,2,1,Loyal
ORD-10430,132,1,750000,2,2,2,Hibernating
ORD-10431,11,1,300000,4,2,1,Loyal
ORD-10432,94,1,150000,3,2,1,Loyal
ORD-10433,32,1,250000,4,2,1,Loyal
ORD-10434,98,1,250000,3,2,1,Loyal
ORD-10435,127,1,2400000,2,2,3,Hibernating
ORD-10436,118,1,450000,2,2,1,Hibernating
ORD-10437,28,1,1200000,4,2,3,Loyal
ORD-10438,153,1,1200000,2,2,3,Hibernating
ORD-10439,148,1,900000,2,2,2,Hibernating
ORD-10440,36,1,450000,4,2,1,Loyal
ORD-10441,135,1,250000,2,2,1,Hibernating
ORD-10442,103,1,900000,3,2,2,Loyal
ORD-10443,86,1,3600000,3,2,4,Loyal
ORD-10444,66,1,25500000,3,2,4,Loyal
ORD-10445,118,1,1350000,2,2,3,Hibernating
ORD-10446,153,1,150000,2,2,1,Hibernating
ORD-10447,104,1,500000,3,2,2,Loyal
ORD-10448,179,1,150000,1,2,1,Hibernating
ORD-10449,165,1,1200000,1,2,3,Hibernating
ORD-10450,29,1,450000,4,2,1,Loyal
ORD-10451,93,1,750000,3,2,2,Loyal
ORD-10452,103,1,2400000,3,2,3,Loyal
ORD-10453,207,1,1200000,1,2,3,Hibernating
ORD-10454,30,1,17000000,4,2,4,Loyal
ORD-10455,184,1,25500000,1,2,4,Hibernating
ORD-10456,74,1,2400000,3,2,3,Loyal
ORD-10457,186,1,2400000,1,2,3,Hibernating
ORD-10458,151,1,450000,2,2,1,Hibernating
ORD-10459,141,1,250000,2,2,1,Hibernating
ORD-10460,65,1,300000,3,2,1,Loyal
ORD-10461,120,1,3600000,2,2,4,Hibernating
ORD-10462,156,1,8500000,2,2,4,Hibernating
ORD-10463,55,1,25500000,3,2,4,Loyal
ORD-10464,11,1,150000,4,2,1,Loyal
ORD-10465,107,1,1350000,2,2,3,Hibernating
ORD-10466,76,1,900000,3,2,2,Loyal
ORD-10467,1,1,500000,4,2,2,Loyal
ORD-10468,58,1,2400000,3,2,3,Loyal
ORD-10469,177,1,17000000,1,2,4,Hibernating
ORD-10470,39,1,500000,4,2,2,Loyal
ORD-10471,120,1,150000,2,2,1,Hibernating
ORD-10472,50,1,25500000,4,2,4,Loyal
ORD-10473,81,1,450000,3,2,1,Loyal
ORD-10474,56,1,300000,3,2,1,Loyal
ORD-10475,115,1,17000000,2,2,4,Hibernating
ORD-10476,190,1,2400000,1,2,3,Hibernating
ORD-10477,135,1,450000,2,2,1,Hibernating
ORD-10478,106,1,900000,3,2,2,Loyal
ORD-10479,101,1,300000,3,2,1,Loyal
ORD-10480,47,1,25500000,4,2,4,Loyal
ORD-10481,189,1,2400000,1,2,3,Hibernating
ORD-10482,154,1,2400000,2,2,3,Hibernating
ORD-10483,94,1,300000,3,2,1,Loyal
ORD-10484,204,1,8500000,1,2,4,Hibernating
ORD-10485,217,1,450000,1,2,1,Hibernating
ORD-10486,196,1,8500000,1,2,4,Hibernating
ORD-10487,56,1,500000,3,2,2,Loyal
ORD-10488,85,1,2400000,3,2,3,Loyal
ORD-10489,187,1,1200000,1,2,3,Hibernating
ORD-10490,158,1,1200000,2,2,3,Hibernating
ORD-10491,90,1,750000,3,2,2,Loyal
ORD-10492,204,1,500000,1,2,2,Hibernating
ORD-10493,191,1,1200000,1,2,3,Hibernating
ORD-10494,82,1,17000000,3,2,4,Loyal
ORD-10495,104,1,25500000,3,2,4,Loyal
ORD-10496,193,1,17000000,1,2,4,Hibernating
ORD-10497,77,1,1350000,3,2,3,Loyal
ORD-10498,117,1,150000,2,2,1,Hibernating
ORD-10499,98,1,2400000,3,2,3,Loyal
ORD-10500,105,1,150000,3,2,1,Loyal
ORD-10501,175,1,3600000,1,2,4,Hibernating
ORD-10502,51,1,250000,4,2,1,Loyal
ORD-10503,156,1,25500000,2,2,4,Hibernating
ORD-10504,10,1,450000,4,2,1,Loyal
ORD-10505,9,1,25500000,4,2,4,Loyal
ORD-10506,132,1,17000000,2,2,4,Hibernating
ORD-10507,151,1,450000,2,2,1,Hibernating
ORD-10508,49,1,8500000,4,2,4,Loyal
ORD-10509,61,1,1200000,3,2,3,Loyal
ORD-10510,78,1,500000,3,2,2,Loyal
ORD-10511,64,1,3600000,3,2,4,Loyal
ORD-10512,124,1,450000,2,2,1,Hibernating
ORD-10513,100,1,8500000,3,2,4,Loyal
ORD-10514,14,1,8500000,4,2,4,Loyal
ORD-10515,57,1,250000,3,2,1,Loyal
ORD-10516,197,1,2400000,1,2,3,Hibernating
ORD-10517,191,1,1200000,1,2,3,Hibernating
ORD-10518,165,1,8500000,1,2,4,Hibernating
ORD-10519,34,1,450000,4,2,1,Loyal
ORD-10520,192,1,250000,1,2,1,Hibernating
ORD-10521,205,1,500000,1,2,2,Hibernating
ORD-10522,48,1,500000,4,2,2,Loyal
ORD-10523,40,1,750000,4,2,2,Loyal
ORD-10524,117,1,17000000,2,2,4,Hibernating
ORD-10525,146,1,150000,2,2,1,Hibernating
ORD-10526,192,1,500000,1,2,2,Hibernating
ORD-10527,105,1,3600000,3,2,4,Loyal
ORD-10528,15,1,750000,4,2,2,Loyal
ORD-10529,72,1,450000,3,2,1,Loyal
ORD-10530,215,1,900000,1,2,2,Hibernating
ORD-10531,14,1,450000,4,2,1,Loyal
ORD-10532,91,1,1200000,3,2,3,Loyal
ORD-10533,34,1,150000,4,2,1,Loyal
ORD-10534,99,1,3600000,3,2,4,Loyal
ORD-10535,70,1,150000,3,2,1,Loyal
ORD-10536,87,1,900000,3,2,2,Loyal
ORD-10537,173,1,150000,1,2,1,Hibernating
ORD-10538,112,1,250000,2,2,1,Hibernating
ORD-10539,177,1,2400000,1,2,3,Hibernating
ORD-10540,132,1,25500000,2,2,4,Hibernating
ORD-10541,6,1,2400000,4,2,3,Loyal
ORD-10542,97,1,2400000,3,2,3,Loyal
ORD-10543,84,1,750000,3,2,2,Loyal
ORD-10544,24,1,17000000,4,2,4,Loyal
ORD-10545,173,1,150000,1,2,1,Hibernating
ORD-10546,191,1,3600000,1,2,4,Hibernating
ORD-10547,41,1,150000,4,2,1,Loyal
ORD-10548,19,1,1200000,4,2,3,Loyal
ORD-10549,182,1,500000,1,2,2,Hibernating
ORD-10550,116,1,1200000,2,2,3,Hibernating
ORD-10551,83,1,17000000,3,2,4,Loyal
ORD-10552,84,1,900000,3,2,2,Loyal
ORD-10553,157,1,500000,2,2,2,Hibernating
ORD-10554,1,1,300000,4,2,1,Loyal
ORD-10555,172,1,1200000,1,2,3,Hibernating
ORD-10556,97,1,25500000,3,2,4,Loyal
ORD-10557,110,1,2400000,2,2,3,Hibernating
ORD-10558,171,1,450000,1,2,1,Hibernating
ORD-10559,157,1,3600000,2,2,4,Hibernating
ORD-10560,87,1,450000,3,2,1,Loyal
ORD-10561,122,1,500000,2,2,2,Hibernating
ORD-10562,66,1,150000,3,2,1,Loyal
ORD-10563,164,1,25500000,1,2,4,Hibernating
ORD-10564,144,1,500000,2,2,2,Hibernating
ORD-10565,165,1,500000,1,2,2,Hibernating
ORD-10566,201,1,25500000,1,2,4,Hibernating
ORD-10567,151,1,2400000,2,2,3,Hibernating
ORD-10568,200,1,1200000,1,2,3,Hibernating
ORD-10569,42,1,900000,4,2,2,Loyal
ORD-10570,166,1,500000,1,2,2,Hibernating
ORD-10571,173,1,300000,1,2,1,Hibernating
ORD-10572,145,1,1350000,2,2,3,Hibernating
ORD-10573,91,1,250000,3,2,1,Loyal
ORD-10574,76,1,300000,3,2,1,Loyal
ORD-10575,146,1,8500000,2,2,4,Hibernating
ORD-10576,100,1,1200000,3,2,3,Loyal
ORD-10577,1,1,25500000,4,2,4,Loyal
ORD-10578,129,1,17000000,2,2,4,Hibernating
ORD-10579,47,1,1200000,4,2,3,Loyal
ORD-10580,192,1,17000000,1,2,4,Hibernating
ORD-10581,71,1,1350000,3,2,3,Loyal
ORD-10582,49,1,8500000,4,2,4,Loyal
ORD-10583,75,1,17000000,3,2,4,Loyal
ORD-10584,44,1,8500000,4,2,4,Loyal
ORD-10585,24,1,450000,4,2,1,Loyal
ORD-10586,19,1,750000,4,2,2,Loyal
ORD-10587,170,1,250000,1,2,1,Hibernating
ORD-10588,67,1,750000,3,2,2,Loyal
ORD-10589,176,1,450000,1,2,1,Hibernating
ORD-10590,202,1,2400000,1,2,3,Hibernating
ORD-10591,16,1,750000,4,2,2,Loyal
ORD-10592,184,1,450000,1,2,1,Hibernating
ORD-10593,164,1,900000,1,2,2,Hibernating
ORD-10594,140,1,750000,2,2,2,Hibernating
ORD-10595,93,1,1350000,3,2,3,Loyal
ORD-10596,138,1,900000,2,2,2,Hibernating
ORD-10597,43,1,17000000,4,2,4,Loyal
ORD-10598,200,1,750000,1,2,2,Hibernating
ORD-10599,171,1,1350000,1,2,3,Hibernating
ORD-10600,158,1,2400000,2,2,3,Hibernating
ORD-10601,78,1,8500000,3,2,4,Loyal
ORD-10602,187,1,500000,1,2,2,Hibernating
ORD-10603,183,1,450000,1,2,1,Hibernating
ORD-10604,12,1,450000,4,2,1,Loyal
ORD-10605,3,1,900000,4,2,2,Loyal
ORD-10606,216,1,450000,1,2,2,Hibernating
ORD-10607,134,1,300000,2,2,1,Hibernating
ORD-10608,70,1,25500000,3,2,4,Loyal
ORD-10609,22,1,8500000,4,2,4,Loyal
ORD-10610,144,1,25500000,2,2,4,Hibernating
ORD-10611,17,1,8500000,4,2,4,Loyal
ORD-10612,2,1,1200000,4,2,3,Loyal
ORD-10613,47,1,750000,4,2,2,Loyal
ORD-10614,99,1,25500000,3,2,4,Loyal
ORD-10615,85,1,900000,3,2,2,Loyal
ORD-10616,42,1,150000,4,2,1,Loyal
ORD-10617,104,1,1200000,3,2,3,Loyal
ORD-10618,169,1,25500000,1,2,4,Hibernating
ORD-10619,75,1,8500000,3,2,4,Loyal
ORD-10620,169,1,2400000,1,2,3,Hibernating
ORD-10621,81,1,3600000,3,2,4,Loyal
ORD-10622,2,1,17000000,4,2,4,Loyal
ORD-10623,76,1,3600000,3,2,4,Loyal
ORD-10624,72,1,8500000,3,2,4,Loyal
ORD-10625,163,1,450000,1,2,2,Hibernating
ORD-10626,70,1,900000,3,2,2,Loyal
ORD-10627,83,1,450000,3,2,2,Loyal
ORD-10628,109,1,3600000,2,2,4,Hibernating
ORD-10629,202,1,150000,1,2,1,Hibernating
ORD-10630,8,1,300000,4,2,1,Loyal
ORD-10631,165,1,300000,1,2,1,Hibernating
ORD-10632,105,1,1200000,3,2,3,Loyal
ORD-10633,103,1,1350000,3,2,3,Loyal
ORD-10634,10,1,17000000,4,2,4,Loyal
ORD-10635,207,1,2400000,1,2,3,Hibernating
ORD-10636,96,1,150000,3,2,1,Loyal
ORD-10637,194,1,25500000,1,2,4,Hibernating
ORD-10638,35,1,500000,4,2,2,Loyal
ORD-10639,8,1,8500000,4,2,4,Loyal
ORD-10640,174,1,300000,1,2,1,Hibernating
ORD-10641,47,1,900000,4,2,2,Loyal
ORD-10642,66,1,17000000,3,2,4,Loyal
ORD-10643,107,1,17000000,2,2,4,Hibernating
ORD-10644,199,1,2400000,1,2,3,Hibernating
ORD-10645,106,1,250000,3,2,1,Loyal
ORD-10646,15,1,3600000,4,2,4,Loyal
ORD-10647,49,1,250000,4,2,1,Loyal
ORD-10648,20,1,2400000,4,2,3,Loyal
ORD-10649,64,1,450000,3,2,2,Loyal
ORD-10650,12,1,3600000,4,2,4,Loyal
ORD-10651,117,1,3600000,2,2,4,Hibernating
ORD-10652,106,1,500000,3,2,2,Loyal
ORD-10653,183,1,300000,1,2,1,Hibernating
ORD-10654,98,1,8500000,3,2,4,Loyal
ORD-10655,156,1,25500000,2,2,4,Hibernating
ORD-10656,83,1,250000,3,2,1,Loyal
ORD-10657,35,1,250000,4,2,1,Loyal
ORD-10658,211,1,300000,1,2,1,Hibernating
ORD-10659,21,1,300000,4,2,1,Loyal
ORD-10660,145,1,8500000,2,2,4,Hibernating
ORD-10661,140,1,1350000,2,2,3,Hibernating
ORD-10662,221,1,150000,1,2,1,Hibernating
ORD-10663,102,1,900000,3,2,2,Loyal
ORD-10664,188,1,17000000,1,2,4,Hibernating
ORD-10665,14,1,750000,4,2,2,Loyal
ORD-10666,8,1,25500000,4,2,4,Loyal
ORD-10667,179,1,150000,1,2,1,Hibernating
ORD-10668,145,1,1200000,2,2,3,Hibernating
ORD-10669,35,1,500000,4,2,2,Loyal
ORD-10670,91,1,8500000,3,2,4,Loyal
ORD-10671,130,1,3600000,2,2,4,Hibernating
ORD-10672,212,1,17000000,1,2,4,Hibernating
ORD-10673,15,1,750000,4,2,2,Loyal
ORD-10674,48,1,250000,4,2,1,Loyal
ORD-10675,58,1,500000,3,2,2,Loyal
ORD-10676,22,1,3600000,4,2,4,Loyal
ORD-10677,55,1,300000,3,2,1,Loyal
ORD-10678,153,1,300000,2,2,1,Hibernating
ORD-10679,132,1,250000,2,2,1,Hibernating
ORD-10680,200,1,150000,1,2,1,Hibernating
ORD-10681,205,1,1200000,1,2,3,Hibernating
ORD-10682,205,1,750000,1,2,2,Hibernating
ORD-10683,29,1,750000,4,2,2,Loyal
ORD-10684,31,1,500000,4,2,2,Loyal
ORD-10685,138,1,2400000,2,2,3,Hibernating
ORD-10686,107,1,300000,2,2,1,Hibernating
ORD-10687,152,1,1350000,2,2,3,Hibernating
ORD-10688,161,1,3600000,2,2,4,Hibernating
ORD-10689,70,1,250000,3,2,1,Loyal
ORD-10690,108,1,450000,2,2,2,Hibernating
ORD-10691,21,1,1200000,4,2,3,Loyal
ORD-10692,47,1,1350000,4,2,3,Loyal
ORD-10693,2,1,1200000,4,2,3,Loyal
ORD-10694,136,1,3600000,2,2,4,Hibernating
ORD-10695,49,1,8500000,4,2,4,Loyal
ORD-10696,22,1,1200000,4,2,3,Loyal
ORD-10697,192,1,900000,1,2,2,Hibernating
ORD-10698,32,1,750000,4,2,2,Loyal
ORD-10699,14,1,450000,4,2,2,Loyal
ORD-10700,30,1,1350000,4,2,3,Loyal
ORD-10701,145,1,900000,2,2,2,Hibernating
ORD-10702,135,1,300000,2,2,1,Hibernating
ORD-10703,79,1,8500000,3,2,4,Loyal
ORD-10704,156,1,900000,2,2,2,Hibernating
ORD-10705,211,1,450000,1,2,2,Hibernating
ORD-10706,193,1,250000,1,2,1,Hibernating
ORD-10707,33,1,17000000,4,2,4,Loyal
ORD-10708,131,1,750000,2,2,2,Hibernating
ORD-10709,189,1,3600000,1,2,4,Hibernating
ORD-10710,56,1,750000,3,2,2,Loyal
ORD-10711,40,1,300000,4,2,1,Loyal
ORD-10712,139,1,150000,2,2,1,Hibernating
ORD-10713,177,1,25500000,1,2,4,Hibernating
ORD-10714,212,1,250000,1,2,1,Hibernating
ORD-10715,205,1,150000,1,2,1,Hibernating
ORD-10716,95,1,1350000,3,2,3,Loyal
ORD-10717,19,1,450000,4,2,2,Loyal
ORD-10718,144,1,250000,2,2,1,Hibernating
ORD-10719,25,1,250000,4,2,1,Loyal
ORD-10720,104,1,25500000,3,2,4,Loyal
ORD-10721,81,1,25500000,3,2,4,Loyal
ORD-10722,85,1,450000,3,2,2,Loyal
ORD-10723,169,1,250000,1,2,1,Hibernating
ORD-10724,56,1,8500000,3,2,4,Loyal
ORD-10725,27,1,25500000,4,2,4,Loyal
ORD-10726,133,1,25500000,2,2,4,Hibernating
ORD-10727,33,1,300000,4,2,1,Loyal
ORD-10728,132,1,450000,2,2,2,Hibernating
ORD-10729,19,1,17000000,4,2,4,Loyal
ORD-10730,166,1,500000,1,2,2,Hibernating
ORD-10731,165,1,25500000,1,2,4,Hibernating
ORD-10732,118,1,8500000,2,2,4,Hibernating
ORD-10733,32,1,900000,4,2,2,Loyal
ORD-10734,137,1,1350000,2,2,3,Hibernating
ORD-10735,166,1,450000,1,2,2,Hibernating
ORD-10736,40,1,450000,4,2,2,Loyal
ORD-10737,44,1,3600000,4,2,4,Loyal
ORD-10738,165,1,300000,1,2,1,Hibernating
ORD-10739,8,1,8500000,4,2,4,Loyal
ORD-10740,28,1,250000,4,2,1,Loyal
ORD-10741,19,1,8500000,4,2,4,Loyal
ORD-10742,89,1,900000,3,2,2,Loyal
ORD-10743,133,1,1200000,2,2,3,Hibernating
ORD-10744,131,1,1200000,2,2,3,Hibernating
ORD-10745,18,1,25500000,4,2,4,Loyal
ORD-10746,216,1,250000,1,2,1,Hibernating
ORD-10747,77,1,150000,3,2,1,Loyal
ORD-10748,103,1,250000,3,2,1,Loyal
ORD-10749,72,1,500000,3,2,2,Loyal
ORD-10750,95,1,150000,3,3,1,Loyal
ORD-10751,48,1,500000,4,3,2,Loyal
ORD-10752,113,1,3600000,2,3,4,At Risk
ORD-10753,42,1,500000,4,3,2,Loyal
ORD-10754,62,1,750000,3,3,2,Loyal
ORD-10755,49,1,17000000,4,3,4,Champions
ORD-10756,62,1,300000,3,3,1,Loyal
ORD-10757,53,1,17000000,4,3,4,Champions
ORD-10758,142,1,900000,2,3,2,At Risk
ORD-10759,190,1,3600000,1,3,4,At Risk
ORD-10760,78,1,1350000,3,3,3,Champions
ORD-10761,184,1,2400000,1,3,3,At Risk
ORD-10762,36,1,8500000,4,3,4,Champions
ORD-10763,99,1,450000,3,3,2,Loyal
ORD-10764,150,1,900000,2,3,2,At Risk
ORD-10765,210,1,17000000,1,3,4,At Risk
ORD-10766,85,1,1350000,3,3,3,Champions
ORD-10767,143,1,500000,2,3,2,At Risk
ORD-10768,85,1,900000,3,3,2,Loyal
ORD-10769,194,1,3600000,1,3,4,At Risk
ORD-10770,47,1,900000,4,3,2,Loyal
ORD-10771,193,1,450000,1,3,2,At Risk
ORD-10772,139,1,450000,2,3,2,At Risk
ORD-10773,48,1,150000,4,3,1,Loyal
ORD-10774,91,1,1200000,3,3,3,Champions
ORD-10775,8,1,250000,4,3,1,Loyal
ORD-10776,26,1,300000,4,3,1,Loyal
ORD-10777,22,1,450000,4,3,2,Loyal
ORD-10778,59,1,8500000,3,3,4,Champions
ORD-10779,200,1,300000,1,3,1,At Risk
ORD-10780,122,1,25500000,2,3,4,At Risk
ORD-10781,92,1,750000,3,3,2,Loyal
ORD-10782,113,1,150000,2,3,1,At Risk
ORD-10783,139,1,500000,2,3,2,At Risk
ORD-10784,5,1,17000000,4,3,4,Champions
ORD-10785,148,1,900000,2,3,2,At Risk
ORD-10786,126,1,750000,2,3,2,At Risk
ORD-10787,3,1,1350000,4,3,3,Champions
ORD-10788,127,1,8500000,2,3,4,At Risk
ORD-10789,126,1,150000,2,3,1,At Risk
ORD-10790,6,1,25500000,4,3,4,Champions
ORD-10791,46,1,750000,4,3,2,Loyal
ORD-10792,101,1,500000,3,3,2,Loyal
ORD-10793,49,1,450000,4,3,2,Loyal
ORD-10794,70,1,2400000,3,3,3,Champions
ORD-10795,37,1,500000,4,3,2,Loyal
ORD-10796,7,1,450000,4,3,2,Loyal
ORD-10797,136,1,750000,2,3,2,At Risk
ORD-10798,25,1,300000,4,3,1,Loyal
ORD-10799,168,1,500000,1,3,2,At Risk
ORD-10800,106,1,3600000,3,3,4,Champions
ORD-10801,209,1,450000,1,3,2,At Risk
ORD-10802,195,1,150000,1,3,1,At Risk
ORD-10803,219,1,25500000,1,3,4,At Risk
ORD-10804,21,1,250000,4,3,1,Loyal
ORD-10805,200,1,25500000,1,3,4,At Risk
ORD-10806,31,1,3600000,4,3,4,Champions
ORD-10807,50,1,8500000,4,3,4,Champions
ORD-10808,133,1,1350000,2,3,3,At Risk
ORD-10809,84,1,750000,3,3,2,Loyal
ORD-10810,206,1,300000,1,3,1,At Risk
ORD-10811,29,1,3600000,4,3,4,Champions
ORD-10812,14,1,900000,4,3,2,Loyal
ORD-10813,8,1,3600000,4,3,4,Champions
ORD-10814,8,1,900000,4,3,2,Loyal
ORD-10815,153,1,1200000,2,3,3,At Risk
ORD-10816,183,1,1200000,1,3,3,At Risk
ORD-10817,105,1,500000,3,3,2,Loyal
ORD-10818,158,1,750000,2,3,2,At Risk
ORD-10819,82,1,900000,3,3,2,Loyal
ORD-10820,142,1,300000,2,3,1,At Risk
ORD-10821,93,1,250000,3,3,1,Loyal
ORD-10822,31,1,250000,4,3,1,Loyal
ORD-10823,135,1,750000,2,3,2,At Risk
ORD-10824,192,1,750000,1,3,2,At Risk
ORD-10825,177,1,450000,1,3,2,At Risk
ORD-10826,139,1,2400000,2,3,3,At Risk
ORD-10827,167,1,450000,1,3,2,At Risk
ORD-10828,216,1,450000,1,3,2,At Risk
ORD-10829,28,1,750000,4,3,2,Loyal
ORD-10830,72,1,17000000,3,3,4,Champions
ORD-10831,85,1,8500000,3,3,4,Champions
ORD-10832,155,1,450000,2,3,2,At Risk
ORD-10833,219,1,3600000,1,3,4,At Risk
ORD-10834,212,1,300000,1,3,1,At Risk
ORD-10835,132,1,1200000,2,3,3,At Risk
ORD-10836,173,1,150000,1,3,1,At Risk
ORD-10837,131,1,900000,2,3,2,At Risk
ORD-10838,46,1,17000000,4,3,4,Champions
ORD-10839,159,1,750000,2,3,2,At Risk
ORD-10840,25,1,25500000,4,3,4,Champions
ORD-10841,54,1,900000,3,3,2,Loyal
ORD-10842,118,1,25500000,2,3,4,At Risk
ORD-10843,111,1,3600000,2,3,4,At Risk
ORD-10844,107,1,450000,2,3,2,At Risk
ORD-10845,148,1,8500000,2,3,4,At Risk
ORD-10846,75,1,8500000,3,3,4,Champions
ORD-10847,139,1,500000,2,3,2,At Risk
ORD-10848,123,1,300000,2,3,1,At Risk
ORD-10849,185,1,450000,1,3,2,At Risk
ORD-10850,63,1,500000,3,3,2,Loyal
ORD-10851,78,1,900000,3,3,2,Loyal
ORD-10852,167,1,250000,1,3,1,At Risk
ORD-10853,161,1,1350000,2,3,3,At Risk
ORD-10854,109,1,3600000,2,3,4,At Risk
ORD-10855,125,1,3600000,2,3,4,At Risk
ORD-10856,149,1,2400000,2,3,3,At Risk
ORD-10857,155,1,17000000,2,3,4,At Risk
ORD-10858,115,1,450000,2,3,2,At Risk
ORD-10859,79,1,1200000,3,3,3,Champions
ORD-10860,75,1,25500000,3,3,4,Champions
ORD-10861,122,1,300000,2,3,1,At Risk
ORD-10862,66,1,450000,3,3,2,Loyal
ORD-10863,102,1,250000,3,3,1,Loyal
ORD-10864,173,1,500000,1,3,2,At Risk
ORD-10865,19,1,300000,4,3,1,Loyal
ORD-10866,211,1,450000,1,3,2,At Risk
ORD-10867,113,1,1350000,2,3,3,At Risk
ORD-10868,177,1,450000,1,3,2,At Risk
ORD-10869,41,1,300000,4,3,1,Loyal
ORD-10870,113,1,1350000,2,3,3,At Risk
ORD-10871,183,1,250000,1,3,1,At Risk
ORD-10872,221,1,900000,1,3,2,At Risk
ORD-10873,202,1,3600000,1,3,4,At Risk
ORD-10874,48,1,750000,4,3,2,Loyal
ORD-10875,221,1,150000,1,3,1,At Risk
ORD-10876,195,1,25500000,1,3,4,At Risk
ORD-10877,217,1,500000,1,3,2,At Risk
ORD-10878,99,1,3600000,3,3,4,Champions
ORD-10879,115,1,450000,2,3,2,At Risk
ORD-10880,11,1,500000,4,3,2,Loyal
ORD-10881,43,1,500000,4,3,2,Loyal
ORD-10882,186,1,1350000,1,3,3,At Risk
ORD-10883,106,1,25500000,3,3,4,Champions
ORD-10884,174,1,900000,1,3,2,At Risk
ORD-10885,146,1,750000,2,3,2,At Risk
ORD-10886,191,1,17000000,1,3,4,At Risk
ORD-10887,212,1,300000,1,3,1,At Risk
ORD-10888,29,1,17000000,4,3,4,Champions
ORD-10889,46,1,17000000,4,3,4,Champions
ORD-10890,27,1,500000,4,3,2,Loyal
ORD-10891,136,1,8500000,2,3,4,At Risk
ORD-10892,24,1,900000,4,3,2,Loyal
ORD-10893,37,1,3600000,4,3,4,Champions
ORD-10894,156,1,250000,2,3,1,At Risk
ORD-10895,145,1,300000,2,3,1,At Risk
ORD-10896,142,1,25500000,2,3,4,At Risk
ORD-10897,45,1,900000,4,3,2,Loyal
ORD-10898,137,1,1350000,2,3,3,At Risk
ORD-10899,65,1,450000,3,3,2,Loyal
ORD-10900,184,1,25500000,1,3,4,At Risk
ORD-10901,22,1,3600000,4,3,4,Champions
ORD-10902,136,1,450000,2,3,2,At Risk
ORD-10903,221,1,25500000,1,3,4,At Risk
ORD-10904,211,1,750000,1,3,2,At Risk
ORD-10905,152,1,1200000,2,3,3,At Risk
ORD-10906,129,1,1350000,2,3,3,At Risk
ORD-10907,136,1,500000,2,3,2,At Risk
ORD-10908,1,1,17000000,4,3,4,Champions
ORD-10909,67,1,8500000,3,3,4,Champions
ORD-10910,154,1,17000000,2,3,4,At Risk
ORD-10911,208,1,900000,1,3,3,At Risk
ORD-10912,165,1,1350000,1,3,3,At Risk
ORD-10913,122,1,450000,2,3,2,At Risk
ORD-10914,103,1,300000,3,3,1,Loyal
ORD-10915,104,1,25500000,3,3,4,Champions
ORD-10916,138,1,900000,2,3,3,At Risk
ORD-10917,98,1,300000,3,3,1,Loyal
ORD-10918,136,1,17000000,2,3,4,At Risk
ORD-10919,76,1,3600000,3,3,4,Champions
ORD-10920,68,1,450000,3,3,2,Loyal
ORD-10921,175,1,450000,1,3,2,At Risk
ORD-10922,155,1,250000,2,3,1,At Risk
ORD-10923,54,1,300000,3,3,1,Loyal
ORD-10924,212,1,1200000,1,3,3,At Risk
ORD-10925,139,1,1350000,2,3,3,At Risk
ORD-10926,37,1,300000,4,3,1,Loyal
ORD-10927,142,1,1200000,2,3,3,At Risk
ORD-10928,206,1,450000,1,3,2,At Risk
ORD-10929,74,1,750000,3,3,2,Loyal
ORD-10930,2,1,250000,4,3,1,Loyal
ORD-10931,112,1,500000,2,3,2,At Risk
ORD-10932,156,1,450000,2,3,2,At Risk
ORD-10933,115,1,300000,2,3,1,At Risk
ORD-10934,80,1,250000,3,3,1,Loyal
ORD-10935,98,1,1350000,3,3,3,Champions
ORD-10936,70,1,750000,3,3,2,Loyal
ORD-10937,61,1,8500000,3,3,4,Champions
ORD-10938,185,1,450000,1,3,2,At Risk
ORD-10939,169,1,150000,1,3,1,At Risk
ORD-10940,167,1,1200000,1,3,3,At Risk
ORD-10941,21,1,300000,4,3,1,Loyal
ORD-10942,101,1,150000,3,3,1,Loyal
ORD-10943,218,1,25500000,1,3,4,At Risk
ORD-10944,112,1,25500000,2,3,4,At Risk
ORD-10945,45,1,750000,4,3,2,Loyal
ORD-10946,196,1,3600000,1,3,4,At Risk
ORD-10947,177,1,250000,1,3,1,At Risk
ORD-10948,132,1,17000000,2,3,4,At Risk
ORD-10949,119,1,500000,2,3,2,At Risk
ORD-10950,124,1,17000000,2,3,4,At Risk
ORD-10951,144,1,500000,2,3,2,At Risk
ORD-10952,166,1,450000,1,3,2,At Risk
ORD-10953,25,1,17000000,4,3,4,Champions
ORD-10954,72,1,17000000,3,3,4,Champions
ORD-10955,65,1,150000,3,3,1,Loyal
ORD-10956,7,1,1350000,4,3,3,Champions
ORD-10957,27,1,25500000,4,3,4,Champions
ORD-10958,130,1,250000,2,3,1,At Risk
ORD-10959,180,1,500000,1,3,2,At Risk
ORD-10960,108,1,1200000,2,3,3,At Risk
ORD-10961,130,1,450000,2,3,2,At Risk
ORD-10962,169,1,900000,1,3,3,At Risk
ORD-10963,94,1,1350000,3,3,3,Champions
ORD-10964,30,1,750000,4,3,2,Loyal
ORD-10965,53,1,450000,4,3,2,Loyal
ORD-10966,138,1,3600000,2,3,4,At Risk
ORD-10967,17,1,900000,4,3,3,Champions
ORD-10968,68,1,450000,3,3,2,Loyal
ORD-10969,132,1,17000000,2,3,4,At Risk
ORD-10970,54,1,250000,3,3,1,Loyal
ORD-10971,92,1,1350000,3,3,3,Champions
ORD-10972,139,1,300000,2,3,1,At Risk
ORD-10973,213,1,3600000,1,3,4,At Risk
ORD-10974,112,1,450000,2,3,2,At Risk
ORD-10975,171,1,8500000,1,3,4,At Risk
ORD-10976,137,1,250000,2,3,1,At Risk
ORD-10977,202,1,150000,1,3,1,At Risk
ORD-10978,169,1,900000,1,3,3,At Risk
ORD-10979,183,1,750000,1,3,2,At Risk
ORD-10980,204,1,500000,1,3,2,At Risk
ORD-10981,130,1,8500000,2,3,4,At Risk
ORD-10982,113,1,900000,2,3,3,At Risk
ORD-10983,175,1,500000,1,3,2,At Risk
ORD-10984,94,1,1350000,3,3,3,Champions
ORD-10985,182,1,450000,1,3,2,At Risk
ORD-10986,124,1,750000,2,3,2,At Risk
ORD-10987,128,1,8500000,2,3,4,At Risk
ORD-10988,111,1,25500000,2,3,4,At Risk
ORD-10989,144,1,500000,2,3,2,At Risk
ORD-10990,29,1,300000,4,3,1,Loyal
ORD-10991,144,1,450000,2,3,2,At Risk
ORD-10992,100,1,300000,3,3,1,Loyal
ORD-10993,3,1,250000,4,3,1,Loyal
ORD-10994,103,1,2400000,3,3,3,Champions
ORD-10995,17,1,900000,4,3,3,Champions
ORD-10996,87,1,8500000,3,3,4,Champions
ORD-10997,66,1,750000,3,3,2,Loyal
ORD-10998,87,1,900000,3,3,3,Champions
ORD-10999,123,1,450000,2,3,2,At Risk
ORD-11000,101,1,250000,3,3,1,Loyal
ORD-11001,65,1,17000000,3,3,4,Champions
ORD-11002,45,1,17000000,4,3,4,Champions
ORD-11003,217,1,2400000,1,3,3,At Risk
ORD-11004,110,1,2400000,2,3,3,At Risk
ORD-11005,140,1,17000000,2,3,4,At Risk
ORD-11006,188,1,1200000,1,3,3,At Risk
ORD-11007,145,1,900000,2,3,3,At Risk
ORD-11008,133,1,500000,2,3,2,At Risk
ORD-11009,50,1,2400000,4,3,3,Champions
ORD-11010,83,1,900000,3,3,3,Champions
ORD-11011,100,1,450000,3,3,2,Loyal
ORD-11012,113,1,2400000,2,3,3,At Risk
ORD-11013,88,1,1350000,3,3,3,Champions
ORD-11014,21,1,1200000,4,3,3,Champions
ORD-11015,187,1,1200000,1,3,3,At Risk
ORD-11016,207,1,1350000,1,3,3,At Risk
ORD-11017,124,1,1200000,2,3,3,At Risk
ORD-11018,206,1,2400000,1,3,3,At Risk
ORD-11019,120,1,3600000,2,3,4,At Risk
ORD-11020,127,1,150000,2,3,1,At Risk
ORD-11021,130,1,25500000,2,3,4,At Risk
ORD-11022,96,1,1350000,3,3,3,Champions
ORD-11023,85,1,8500000,3,3,4,Champions
ORD-11024,180,1,250000,1,3,1,At Risk
ORD-11025,153,1,25500000,2,3,4,At Risk
ORD-11026,187,1,450000,1,3,2,At Risk
ORD-11027,108,1,150000,2,3,1,At Risk
ORD-11028,74,1,300000,3,3,1,Loyal
ORD-11029,36,1,250000,4,3,1,Loyal
ORD-11030,99,1,250000,3,3,1,Loyal
ORD-11031,60,1,1350000,3,3,3,Champions
ORD-11032,216,1,150000,1,3,1,At Risk
ORD-11033,89,1,1200000,3,3,3,Champions
ORD-11034,94,1,3600000,3,3,4,Champions
ORD-11035,196,1,150000,1,3,1,At Risk
ORD-11036,78,1,1200000,3,3,3,Champions
ORD-11037,9,1,450000,4,3,2,Loyal
ORD-11038,49,1,2400000,4,3,3,Champions
ORD-11039,74,1,750000,3,3,2,Loyal
ORD-11040,81,1,25500000,3,3,4,Champions
ORD-11041,81,1,3600000,3,3,4,Champions
ORD-11042,63,1,300000,3,3,1,Loyal
ORD-11043,147,1,750000,2,3,2,At Risk
ORD-11044,102,1,2400000,3,3,3,Champions
ORD-11045,77,1,25500000,3,3,4,Champions
ORD-11046,79,1,2400000,3,3,3,Champions
ORD-11047,153,1,450000,2,3,2,At Risk
ORD-11048,171,1,2400000,1,3,3,At Risk
ORD-11049,95,1,450000,3,3,2,Loyal
ORD-11050,102,1,450000,3,3,2,Loyal
ORD-11051,93,1,17000000,3,3,4,Champions
ORD-11052,144,1,25500000,2,3,4,At Risk
ORD-11053,54,1,2400000,3,3,3,Champions
ORD-11054,27,1,750000,4,3,2,Loyal
ORD-11055,12,1,17000000,4,3,4,Champions
ORD-11056,109,1,2400000,2,3,3,At Risk
ORD-11057,75,1,1200000,3,3,3,Champions
ORD-11058,166,1,1200000,1,3,3,At Risk
ORD-11059,213,1,25500000,1,3,4,At Risk
ORD-11060,75,1,900000,3,3,3,Champions
ORD-11061,46,1,17000000,4,3,4,Champions
ORD-11062,12,1,250000,4,3,1,Loyal
ORD-11063,197,1,25500000,1,3,4,At Risk
ORD-11064,199,1,150000,1,3,1,At Risk
ORD-11065,154,1,2400000,2,3,3,At Risk
ORD-11066,133,1,300000,2,3,1,At Risk
ORD-11067,205,1,250000,1,3,1,At Risk
ORD-11068,85,1,1350000,3,3,3,Champions
ORD-11069,202,1,450000,1,3,2,At Risk
ORD-11070,204,1,17000000,1,3,4,At Risk
ORD-11071,71,1,450000,3,3,2,Loyal
ORD-11072,12,1,1200000,4,3,3,Champions
ORD-11073,182,1,750000,1,3,2,At Risk
ORD-11074,14,1,300000,4,3,1,Loyal
ORD-11075,19,1,2400000,4,3,3,Champions
ORD-11076,1,1,450000,4,3,2,Loyal
ORD-11077,171,1,250000,1,3,1,At Risk
ORD-11078,23,1,150000,4,3,1,Loyal
ORD-11079,50,1,900000,4,3,3,Champions
ORD-11080,138,1,250000,2,3,1,At Risk
ORD-11081,1,1,450000,4,3,2,Loyal
ORD-11082,21,1,3600000,4,3,4,Champions
ORD-11083,73,1,1350000,3,3,3,Champions
ORD-11084,1,1,900000,4,3,3,Champions
ORD-11085,39,1,300000,4,3,1,Loyal
ORD-11086,48,1,250000,4,3,1,Loyal
ORD-11087,9,1,750000,4,3,2,Loyal
ORD-11088,23,1,1200000,4,3,3,Champions
ORD-11089,108,1,750000,2,3,2,At Risk
ORD-11090,130,1,8500000,2,3,4,At Risk
ORD-11091,91,1,3600000,3,3,4,Champions
ORD-11092,181,1,250000,1,3,1,At Risk
ORD-11093,15,1,900000,4,3,3,Champions
ORD-11094,5,1,750000,4,3,2,Loyal
ORD-11095,78,1,1350000,3,3,3,Champions
ORD-11096,193,1,250000,1,3,1,At Risk
ORD-11097,45,1,3600000,4,3,4,Champions
ORD-11098,67,1,450000,3,3,2,Loyal
ORD-11099,207,1,750000,1,3,2,At Risk
ORD-11100,5,1,150000,4,3,1,Loyal
ORD-11101,150,1,1350000,2,3,3,At Risk
ORD-11102,37,1,450000,4,3,2,Loyal
ORD-11103,147,1,250000,2,3,1,At Risk
ORD-11104,148,1,450000,2,3,2,At Risk
ORD-11105,88,1,8500000,3,3,4,Champions
ORD-11106,180,1,17000000,1,3,4,At Risk
ORD-11107,127,1,8500000,2,3,4,At Risk
ORD-11108,118,1,1350000,2,3,3,At Risk
ORD-11109,182,1,1350000,1,3,3,At Risk
ORD-11110,191,1,450000,1,3,2,At Risk
ORD-11111,80,1,450000,3,3,2,Loyal
ORD-11112,135,1,1200000,2,3,3,At Risk
ORD-11113,108,1,750000,2,3,2,At Risk
ORD-11114,124,1,450000,2,3,2,At Risk
ORD-11115,81,1,750000,3,3,2,Loyal
ORD-11116,33,1,900000,4,3,3,Champions
ORD-11117,159,1,900000,2,3,3,At Risk
ORD-11118,210,1,450000,1,3,2,At Risk
ORD-11119,76,1,500000,3,3,2,Loyal
ORD-11120,135,1,1200000,2,3,3,At Risk
ORD-11121,189,1,300000,1,3,1,At Risk
ORD-11122,94,1,3600000,3,3,4,Champions
ORD-11123,43,1,150000,4,3,1,Loyal
ORD-11124,10,1,750000,4,3,2,Loyal
ORD-11125,3,1,900000,4,4,3,Champions
ORD-11126,131,1,3600000,2,4,4,At Risk
ORD-11127,84,1,3600000,3,4,4,Champions
ORD-11128,182,1,250000,1,4,1,At Risk
ORD-11129,16,1,450000,4,4,2,Loyal
ORD-11130,82,1,1350000,3,4,3,Champions
ORD-11131,48,1,8500000,4,4,4,Champions
ORD-11132,17,1,150000,4,4,1,Loyal
ORD-11133,18,1,450000,4,4,2,Loyal
ORD-11134,160,1,750000,2,4,2,At Risk
ORD-11135,142,1,450000,2,4,2,At Risk
ORD-11136,78,1,250000,3,4,1,Loyal
ORD-11137,52,1,1200000,4,4,3,Champions
ORD-11138,219,1,8500000,1,4,4,At Risk
ORD-11139,145,1,250000,2,4,1,At Risk
ORD-11140,1,1,900000,4,4,3,Champions
ORD-11141,77,1,750000,3,4,2,Loyal
ORD-11142,93,1,25500000,3,4,4,Champions
ORD-11143,187,1,1200000,1,4,3,At Risk
ORD-11144,38,1,8500000,4,4,4,Champions
ORD-11145,104,1,300000,3,4,1,Loyal
ORD-11146,118,1,1350000,2,4,3,At Risk
ORD-11147,208,1,150000,1,4,1,At Risk
ORD-11148,83,1,17000000,3,4,4,Champions
ORD-11149,84,1,500000,3,4,2,Loyal
ORD-11150,68,1,900000,3,4,3,Champions
ORD-11151,94,1,450000,3,4,2,Loyal
ORD-11152,132,1,17000000,2,4,4,At Risk
ORD-11153,4,1,450000,4,4,2,Loyal
ORD-11154,167,1,8500000,1,4,4,At Risk
ORD-11155,88,1,25500000,3,4,4,Champions
ORD-11156,116,1,1350000,2,4,3,At Risk
ORD-11157,55,1,750000,3,4,2,Loyal
ORD-11158,32,1,2400000,4,4,3,Champions
ORD-11159,215,1,25500000,1,4,4,At Risk
ORD-11160,43,1,17000000,4,4,4,Champions
ORD-11161,13,1,450000,4,4,2,Loyal
ORD-11162,187,1,450000,1,4,2,At Risk
ORD-11163,182,1,25500000,1,4,4,At Risk
ORD-11164,37,1,3600000,4,4,4,Champions
ORD-11165,189,1,1350000,1,4,3,At Risk
ORD-11166,130,1,150000,2,4,1,At Risk
ORD-11167,90,1,750000,3,4,2,Loyal
ORD-11168,45,1,8500000,4,4,4,Champions
ORD-11169,67,1,750000,3,4,2,Loyal
ORD-11170,78,1,300000,3,4,1,Loyal
ORD-11171,183,1,1350000,1,4,3,At Risk
ORD-11172,167,1,300000,1,4,1,At Risk
ORD-11173,47,1,25500000,4,4,4,Champions
ORD-11174,200,1,450000,1,4,2,At Risk
ORD-11175,141,1,3600000,2,4,4,At Risk
ORD-11176,72,1,25500000,3,4,4,Champions
ORD-11177,20,1,750000,4,4,2,Loyal
ORD-11178,163,1,450000,1,4,2,At Risk
ORD-11179,21,1,250000,4,4,1,Loyal
ORD-11180,31,1,900000,4,4,3,Champions
ORD-11181,88,1,300000,3,4,1,Loyal
ORD-11182,34,1,750000,4,4,2,Loyal
ORD-11183,157,1,300000,2,4,1,At Risk
ORD-11184,188,1,450000,1,4,2,At Risk
ORD-11185,12,1,450000,4,4,2,Loyal
ORD-11186,168,1,1350000,1,4,3,At Risk
ORD-11187,13,1,3600000,4,4,4,Champions
ORD-11188,6,1,1350000,4,4,3,Champions
ORD-11189,72,1,3600000,3,4,4,Champions
ORD-11190,101,1,250000,3,4,1,Loyal
ORD-11191,164,1,1200000,1,4,3,At Risk
ORD-11192,26,1,25500000,4,4,4,Champions
ORD-11193,106,1,450000,3,4,2,Loyal
ORD-11194,110,1,450000,2,4,2,At Risk
ORD-11195,134,1,3600000,2,4,4,At Risk
ORD-11196,45,1,750000,4,4,2,Loyal
ORD-11197,20,1,750000,4,4,2,Loyal
ORD-11198,106,1,450000,3,4,2,Loyal
ORD-11199,57,1,900000,3,4,3,Champions
ORD-11200,89,1,17000000,3,4,4,Champions
ORD-11201,85,1,8500000,3,4,4,Champions
ORD-11202,114,1,1350000,2,4,3,At Risk
ORD-11203,29,1,17000000,4,4,4,Champions
ORD-11204,113,1,250000,2,4,1,At Risk
ORD-11205,53,1,450000,4,4,2,Loyal
ORD-11206,212,1,150000,1,4,1,At Risk
ORD-11207,167,1,25500000,1,4,4,At Risk
ORD-11208,78,1,250000,3,4,1,Loyal
ORD-11209,167,1,25500000,1,4,4,At Risk
ORD-11210,116,1,3600000,2,4,4,At Risk
ORD-11211,136,1,8500000,2,4,4,At Risk
ORD-11212,203,1,25500000,1,4,4,At Risk
ORD-11213,135,1,750000,2,4,2,At Risk
ORD-11214,89,1,17000000,3,4,4,Champions
ORD-11215,111,1,8500000,2,4,4,At Risk
ORD-11216,63,1,900000,3,4,3,Champions
ORD-11217,188,1,17000000,1,4,4,At Risk
ORD-11218,218,1,2400000,1,4,3,At Risk
ORD-11219,131,1,500000,2,4,2,At Risk
ORD-11220,58,1,900000,3,4,3,Champions
ORD-11221,134,1,1350000,2,4,3,At Risk
ORD-11222,220,1,25500000,1,4,4,At Risk
ORD-11223,135,1,300000,2,4,1,At Risk
ORD-11224,26,1,3600000,4,4,4,Champions
ORD-11225,154,1,750000,2,4,2,At Risk
ORD-11226,207,1,250000,1,4,1,At Risk
ORD-11227,53,1,2400000,4,4,3,Champions
ORD-11228,135,1,500000,2,4,2,At Risk
ORD-11229,195,1,2400000,1,4,3,At Risk
ORD-11230,20,1,3600000,4,4,4,Champions
ORD-11231,44,1,8500000,4,4,4,Champions
ORD-11232,196,1,300000,1,4,1,At Risk
ORD-11233,202,1,3600000,1,4,4,At Risk
ORD-11234,98,1,300000,3,4,1,Loyal
ORD-11235,150,1,500000,2,4,2,At Risk
ORD-11236,77,1,750000,3,4,2,Loyal
ORD-11237,98,1,25500000,3,4,4,Champions
ORD-11238,95,1,450000,3,4,2,Loyal
ORD-11239,22,1,750000,4,4,2,Loyal
ORD-11240,110,1,1200000,2,4,3,At Risk
ORD-11241,70,1,25500000,3,4,4,Champions
ORD-11242,45,1,1350000,4,4,3,Champions
ORD-11243,94,1,250000,3,4,1,Loyal
ORD-11244,164,1,150000,1,4,1,At Risk
ORD-11245,64,1,1200000,3,4,3,Champions
ORD-11246,102,1,500000,3,4,2,Loyal
ORD-11247,22,1,300000,4,4,1,Loyal
ORD-11248,81,1,8500000,3,4,4,Champions
ORD-11249,18,1,8500000,4,4,4,Champions
ORD-11250,50,1,500000,4,4,2,Loyal
ORD-11251,215,1,450000,1,4,2,At Risk
ORD-11252,61,1,1350000,3,4,3,Champions
ORD-11253,136,1,250000,2,4,1,At Risk
ORD-11254,174,1,150000,1,4,1,At Risk
ORD-11255,214,1,250000,1,4,1,At Risk
ORD-11256,102,1,900000,3,4,3,Champions
ORD-11257,169,1,900000,1,4,3,At Risk
ORD-11258,166,1,300000,1,4,1,At Risk
ORD-11259,47,1,450000,4,4,2,Loyal
ORD-11260,48,1,2400000,4,4,3,Champions
ORD-11261,108,1,500000,2,4,2,At Risk
ORD-11262,19,1,1200000,4,4,3,Champions
ORD-11263,34,1,750000,4,4,2,Loyal
ORD-11264,147,1,25500000,2,4,4,At Risk
ORD-11265,190,1,17000000,1,4,4,At Risk
ORD-11266,148,1,750000,2,4,2,At Risk
ORD-11267,58,1,1350000,3,4,3,Champions
ORD-11268,36,1,250000,4,4,1,Loyal
ORD-11269,201,1,1350000,1,4,3,At Risk
ORD-11270,215,1,900000,1,4,3,At Risk
ORD-11271,158,1,450000,2,4,2,At Risk
ORD-11272,133,1,2400000,2,4,3,At Risk
ORD-11273,124,1,8500000,2,4,4,At Risk
ORD-11274,7,1,750000,4,4,2,Loyal
ORD-11275,170,1,900000,1,4,3,At Risk
ORD-11276,219,1,250000,1,4,1,At Risk
ORD-11277,182,1,17000000,1,4,4,At Risk
ORD-11278,153,1,2400000,2,4,3,At Risk
ORD-11279,50,1,150000,4,4,1,Loyal
ORD-11280,6,1,1200000,4,4,3,Champions
ORD-11281,45,1,2400000,4,4,3,Champions
ORD-11282,73,1,1200000,3,4,3,Champions
ORD-11283,169,1,300000,1,4,1,At Risk
ORD-11284,46,1,8500000,4,4,4,Champions
ORD-11285,214,1,450000,1,4,2,At Risk
ORD-11286,161,1,150000,2,4,1,At Risk
ORD-11287,74,1,1200000,3,4,3,Champions
ORD-11288,47,1,8500000,4,4,4,Champions
ORD-11289,125,1,250000,2,4,1,At Risk
ORD-11290,153,1,3600000,2,4,4,At Risk
ORD-11291,92,1,500000,3,4,2,Loyal
ORD-11292,51,1,250000,4,4,1,Loyal
ORD-11293,96,1,150000,3,4,1,Loyal
ORD-11294,7,1,2400000,4,4,3,Champions
ORD-11295,208,1,1200000,1,4,3,At Risk
ORD-11296,70,1,500000,3,4,2,Loyal
ORD-11297,59,1,2400000,3,4,3,Champions
ORD-11298,50,1,1350000,4,4,3,Champions
ORD-11299,166,1,2400000,1,4,3,At Risk
ORD-11300,69,1,450000,3,4,2,Loyal
ORD-11301,212,1,2400000,1,4,3,At Risk
ORD-11302,207,1,1200000,1,4,3,At Risk
ORD-11303,52,1,2400000,4,4,3,Champions
ORD-11304,109,1,300000,2,4,1,At Risk
ORD-11305,90,1,300000,3,4,1,Loyal
ORD-11306,148,1,150000,2,4,1,At Risk
ORD-11307,121,1,1350000,2,4,3,At Risk
ORD-11308,192,1,250000,1,4,1,At Risk
ORD-11309,4,1,25500000,4,4,4,Champions
ORD-11310,66,1,17000000,3,4,4,Champions
ORD-11311,70,1,25500000,3,4,4,Champions
ORD-11312,55,1,1350000,3,4,3,Champions
ORD-11313,201,1,500000,1,4,2,At Risk
ORD-11314,219,1,250000,1,4,1,At Risk
ORD-11315,81,1,25500000,3,4,4,Champions
ORD-11316,18,1,25500000,4,4,4,Champions
ORD-11317,7,1,500000,4,4,2,Loyal
ORD-11318,21,1,2400000,4,4,3,Champions
ORD-11319,205,1,1200000,1,4,3,At Risk
ORD-11320,55,1,1350000,3,4,3,Champions
ORD-11321,90,1,1200000,3,4,3,Champions
ORD-11322,40,1,150000,4,4,1,Loyal
ORD-11323,205,1,1200000,1,4,3,At Risk
ORD-11324,61,1,250000,3,4,1,Loyal
ORD-11325,37,1,500000,4,4,2,Loyal
ORD-11326,195,1,8500000,1,4,4,At Risk
ORD-11327,45,1,900000,4,4,3,Champions
ORD-11328,99,1,500000,3,4,2,Loyal
ORD-11329,158,1,300000,2,4,1,At Risk
ORD-11330,187,1,450000,1,4,2,At Risk
ORD-11331,20,1,25500000,4,4,4,Champions
ORD-11332,159,1,17000000,2,4,4,At Risk
ORD-11333,84,1,17000000,3,4,4,Champions
ORD-11334,10,1,25500000,4,4,4,Champions
ORD-11335,121,1,2400000,2,4,3,At Risk
ORD-11336,182,1,8500000,1,4,4,At Risk
ORD-11337,95,1,8500000,3,4,4,Champions
ORD-11338,34,1,300000,4,4,1,Loyal
ORD-11339,160,1,900000,2,4,3,At Risk
ORD-11340,73,1,1200000,3,4,3,Champions
ORD-11341,196,1,250000,1,4,1,At Risk
ORD-11342,172,1,17000000,1,4,4,At Risk
ORD-11343,87,1,300000,3,4,1,Loyal
ORD-11344,110,1,17000000,2,4,4,At Risk
ORD-11345,4,1,250000,4,4,1,Loyal
ORD-11346,216,1,1350000,1,4,3,At Risk
ORD-11347,1,1,300000,4,4,1,Loyal
ORD-11348,97,1,750000,3,4,2,Loyal
ORD-11349,43,1,450000,4,4,2,Loyal
ORD-11350,36,1,1350000,4,4,3,Champions
ORD-11351,220,1,3600000,1,4,4,At Risk
ORD-11352,56,1,25500000,3,4,4,Champions
ORD-11353,72,1,300000,3,4,1,Loyal
ORD-11354,183,1,900000,1,4,3,At Risk
ORD-11355,106,1,3600000,3,4,4,Champions
ORD-11356,50,1,1200000,4,4,3,Champions
ORD-11357,201,1,300000,1,4,1,At Risk
ORD-11358,174,1,450000,1,4,2,At Risk
ORD-11359,75,1,25500000,3,4,4,Champions
ORD-11360,208,1,300000,1,4,1,At Risk
ORD-11361,191,1,900000,1,4,3,At Risk
ORD-11362,86,1,250000,3,4,1,Loyal
ORD-11363,199,1,1200000,1,4,3,At Risk
ORD-11364,119,1,2400000,2,4,3,At Risk
ORD-11365,40,1,900000,4,4,3,Champions
ORD-11366,19,1,250000,4,4,1,Loyal
ORD-11367,146,1,300000,2,4,1,At Risk
ORD-11368,88,1,25500000,3,4,4,Champions
ORD-11369,63,1,1350000,3,4,3,Champions
ORD-11370,188,1,450000,1,4,2,At Risk
ORD-11371,50,1,500000,4,4,2,Loyal
ORD-11372,11,1,1200000,4,4,3,Champions
ORD-11373,137,1,1200000,2,4,3,At Risk
ORD-11374,31,1,900000,4,4,3,Champions
ORD-11375,38,1,25500000,4,4,4,Champions
ORD-11376,211,1,1200000,1,4,3,At Risk
ORD-11377,20,1,750000,4,4,2,Loyal
ORD-11378,22,1,1200000,4,4,3,Champions
ORD-11379,210,1,250000,1,4,1,At Risk
ORD-11380,75,1,300000,3,4,1,Loyal
ORD-11381,148,1,250000,2,4,1,At Risk
ORD-11382,169,1,1200000,1,4,3,At Risk
ORD-11383,120,1,250000,2,4,1,At Risk
ORD-11384,40,1,450000,4,4,2,Loyal
ORD-11385,183,1,17000000,1,4,4,At Risk
ORD-11386,78,1,1350000,3,4,3,Champions
ORD-11387,37,1,2400000,4,4,3,Champions
ORD-11388,35,1,17000000,4,4,4,Champions
ORD-11389,112,1,1200000,2,4,3,At Risk
ORD-11390,65,1,3600000,3,4,4,Champions
ORD-11391,136,1,1350000,2,4,3,At Risk
ORD-11392,76,1,450000,3,4,2,Loyal
ORD-11393,173,1,450000,1,4,2,At Risk
ORD-11394,206,1,500000,1,4,2,At Risk
ORD-11395,137,1,3600000,2,4,4,At Risk
ORD-11396,215,1,8500000,1,4,4,At Risk
ORD-11397,39,1,250000,4,4,1,Loyal
ORD-11398,203,1,250000,1,4,1,At Risk
ORD-11399,192,1,500000,1,4,2,At Risk
ORD-11400,112,1,3600000,2,4,4,At Risk
ORD-11401,34,1,1200000,4,4,3,Champions
ORD-11402,181,1,450000,1,4,2,At Risk
ORD-11403,128,1,250000,2,4,1,At Risk
ORD-11404,136,1,900000,2,4,3,At Risk
ORD-11405,145,1,2400000,2,4,3,At Risk
ORD-11406,134,1,17000000,2,4,4,At Risk
ORD-11407,52,1,2400000,4,4,3,Champions
ORD-11408,182,1,8500000,1,4,4,At Risk
ORD-11409,21,1,1350000,4,4,3,Champions
ORD-11410,188,1,2400000,1,4,3,At Risk
ORD-11411,160,1,450000,2,4,2,At Risk
ORD-11412,79,1,8500000,3,4,4,Champions
ORD-11413,221,1,8500000,1,4,4,At Risk
ORD-11414,6,1,150000,4,4,1,Loyal
ORD-11415,144,1,900000,2,4,3,At Risk
ORD-11416,19,1,1200000,4,4,3,Champions
ORD-11417,185,1,150000,1,4,1,At Risk
ORD-11418,73,1,8500000,3,4,4,Champions
ORD-11419,164,1,450000,1,4,2,At Risk
ORD-11420,80,1,750000,3,4,2,Loyal
ORD-11421,41,1,450000,4,4,2,Loyal
ORD-11422,187,1,3600000,1,4,4,At Risk
ORD-11423,127,1,250000,2,4,1,At Risk
ORD-11424,182,1,25500000,1,4,4,At Risk
ORD-11425,105,1,2400000,3,4,3,Champions
ORD-11426,115,1,1200000,2,4,3,At Risk
ORD-11427,61,1,900000,3,4,3,Champions
ORD-11428,147,1,2400000,2,4,3,At Risk
ORD-11429,219,1,450000,1,4,2,At Risk
ORD-11430,191,1,1200000,1,4,3,At Risk
ORD-11431,107,1,1200000,2,4,3,At Risk
ORD-11432,89,1,150000,3,4,1,Loyal
ORD-11433,7,1,450000,4,4,2,Loyal
ORD-11434,142,1,450000,2,4,2,At Risk
ORD-11435,155,1,2400000,2,4,3,At Risk
ORD-11436,142,1,300000,2,4,1,At Risk
ORD-11437,119,1,900000,2,4,3,At Risk
ORD-11438,107,1,750000,2,4,2,At Risk
ORD-11439,186,1,450000,1,4,2,At Risk
ORD-11440,134,1,450000,2,4,2,At Risk
ORD-11441,221,1,2400000,1,4,3,At Risk
ORD-11442,44,1,17000000,4,4,4,Champions
ORD-11443,52,1,1200000,4,4,3,Champions
ORD-11444,18,1,8500000,4,4,4,Champions
ORD-11445,184,1,2400000,1,4,3,At Risk
ORD-11446,137,1,500000,2,4,2,At Risk
ORD-11447,90,1,500000,3,4,2,Loyal
ORD-11448,122,1,2400000,2,4,3,At Risk
ORD-11449,27,1,25500000,4,4,4,Champions
ORD-11450,141,1,500000,2,4,2,At Risk
ORD-11451,164,1,750000,1,4,2,At Risk
ORD-11452,68,1,250000,3,4,1,Loyal
ORD-11453,168,1,300000,1,4,1,At Risk
ORD-11454,153,1,150000,2,4,1,At Risk
ORD-11455,11,1,25500000,4,4,4,Champions
ORD-11456,110,1,2400000,2,4,3,At Risk
ORD-11457,180,1,2400000,1,4,3,At Risk
ORD-11458,171,1,250000,1,4,1,At Risk
ORD-11459,12,1,900000,4,4,3,Champions
ORD-11460,165,1,450000,1,4,2,At Risk
ORD-11461,44,1,450000,4,4,2,Loyal
ORD-11462,29,1,900000,4,4,3,Champions
ORD-11463,49,1,8500000,4,4,4,Champions
ORD-11464,156,1,250000,2,4,1,At Risk
ORD-11465,162,1,3600000,2,4,4,At Risk
ORD-11466,182,1,450000,1,4,2,At Risk
ORD-11467,180,1,250000,1,4,1,At Risk
ORD-11468,181,1,450000,1,4,2,At Risk
ORD-11469,49,1,1200000,4,4,3,Champions
ORD-11470,56,1,17000000,3,4,4,Champions
ORD-11471,1,1,450000,4,4,2,Loyal
ORD-11472,183,1,300000,1,4,1,At Risk
ORD-11473,32,1,500000,4,4,2,Loyal
ORD-11474,220,1,150000,1,4,1,At Risk
ORD-11475,80,1,25500000,3,4,4,Champions
ORD-11476,150,1,500000,2,4,2,At Risk
ORD-11477,96,1,8500000,3,4,4,Champions
ORD-11478,188,1,300000,1,4,1,At Risk
ORD-11479,53,1,1200000,4,4,3,Champions
ORD-11480,10,1,450000,4,4,2,Loyal
ORD-11481,26,1,750000,4,4,2,Loyal
ORD-11482,3,1,450000,4,4,2,Loyal
ORD-11483,92,1,750000,3,4,2,Loyal
ORD-11484,166,1,2400000,1,4,3,At Risk
ORD-11485,208,1,300000,1,4,1,At Risk
ORD-11486,122,1,450000,2,4,2,At Risk
ORD-11487,131,1,1200000,2,4,3,At Risk
ORD-11488,107,1,1350000,2,4,3,At Risk
ORD-11489,155,1,300000,2,4,1,At Risk
ORD-11490,92,1,1350000,3,4,3,Champions
ORD-11491,58,1,2400000,3,4,3,Champions
ORD-11492,138,1,750000,2,4,2,At Risk
ORD-11493,167,1,900000,1,4,3,At Risk
ORD-11494,168,1,2400000,1,4,3,At Risk
ORD-11495,42,1,1350000,4,4,3,Champions
ORD-11496,122,1,450000,2,4,2,At Risk
ORD-11497,86,1,750000,3,4,2,Loyal
ORD-11498,132,1,750000,2,4,2,At Risk
ORD-11499,150,1,450000,2,4,2,At Risk
